"","site","long","lat"
"1","FHM 2911 Bjørnsholm",9.27663,56.881832
"2","FHM 2911 Bjørnsholm",9.27663,56.881832
"3","FHM 2911 Bjørnsholm",9.27663,56.881832
"4","FHM 2911 Bjørnsholm",9.27663,56.881832
"5","FHM 2911 Bjørnsholm",9.27663,56.881832
"6","FHM 2911 Bjørnsholm",9.27663,56.881832
"7","FHM 2911 Bjørnsholm",9.27663,56.881832
"8","FHM 2911 Bjørnsholm",9.27663,56.881832
"9","FHM 2911 Bjørnsholm",9.27663,56.881832
"10","FHM 2911 Bjørnsholm",9.27663,56.881832
"11","FHM 2911 Bjørnsholm",9.27663,56.881832
"12","FHM 2911 Bjørnsholm",9.27663,56.881832
"13","FHM 2911 Bjørnsholm",9.27663,56.881832
"14","FHM 2911 Bjørnsholm",9.27663,56.881832
"15","FHM 2911 Bjørnsholm",9.27663,56.881832
"16","FHM 2911 Bjørnsholm",9.27663,56.881832
"17","FHM 2911 Bjørnsholm",9.27663,56.881832
"18","FHM 2911 Bjørnsholm",9.27663,56.881832
"19","FHM 2911 Bjørnsholm",9.27663,56.881832
"20","FHM 2911 Bjørnsholm",9.27663,56.881832
"21","FHM 2911 Bjørnsholm",9.27663,56.881832
"22","FHM 2911 Bjørnsholm",9.27663,56.881832
"23","FHM 2911 Bjørnsholm",9.27663,56.881832
"24","FHM 2911 Bjørnsholm",9.27663,56.881832
"25","FHM 2911 Bjørnsholm",9.27663,56.881832
"26","FHM 2911 Bjørnsholm",9.27663,56.881832
"27","FHM 2911 Bjørnsholm",9.27663,56.881832
"28","FHM 2911 Bjørnsholm",9.27663,56.881832
"29","FHM 2911 Bjørnsholm",9.27663,56.881832
"30","FHM 2911 Bjørnsholm",9.27663,56.881832
"31","FHM 2911 Bjørnsholm",9.27663,56.881832
"32","FHM 2911 Bjørnsholm",9.27663,56.881832
"33","FHM 2911 Bjørnsholm",9.27663,56.881832
"34","FHM 2911 Bjørnsholm",9.27663,56.881832
"35","FHM 2911 Bjørnsholm",9.27663,56.881832
"36","FHM 2911 Bjørnsholm",9.27663,56.881832
"37","FHM 2911 Bjørnsholm",9.27663,56.881832
"38","FHM 2911 Bjørnsholm",9.27663,56.881832
"39","FHM 2911 Bjørnsholm",9.27663,56.881832
"40","FHM 2911 Bjørnsholm",9.27663,56.881832
"41","FHM 2911 Bjørnsholm",9.27663,56.881832
"42","FHM 2911 Bjørnsholm",9.27663,56.881832
"43","FHM 2911 Bjørnsholm",9.27663,56.881832
"44","FHM 2911 Bjørnsholm",9.27663,56.881832
"45","FHM 2911 Bjørnsholm",9.27663,56.881832
"46","FHM 2911 Bjørnsholm",9.27663,56.881832
"47","FHM 2911 Bjørnsholm",9.27663,56.881832
"48","FHM 2911 Bjørnsholm",9.27663,56.881832
"49","FHM 2911 Bjørnsholm",9.27663,56.881832
"50","FHM 2911 Bjørnsholm",9.27663,56.881832
"51","FHM 2911 Bjørnsholm",9.27663,56.881832
"52","FHM 2911 Bjørnsholm",9.27663,56.881832
"53","FHM 2911 Bjørnsholm",9.27663,56.881832
"54","FHM 2911 Bjørnsholm",9.27663,56.881832
"55","FHM 2911 Bjørnsholm",9.27663,56.881832
"56","FHM 2911 Bjørnsholm",9.27663,56.881832
"57","FHM 2911 Bjørnsholm",9.27663,56.881832
"58","FHM 2911 Bjørnsholm",9.27663,56.881832
"59","FHM 2911 Bjørnsholm",9.27663,56.881832
"60","FHM 2911 Bjørnsholm",9.27663,56.881832
"61","FHM 2911 Bjørnsholm",9.27663,56.881832
"62","FHM 2911 Bjørnsholm",9.27663,56.881832
"63","FHM 2911 Bjørnsholm",9.27663,56.881832
"64","FHM 2911 Bjørnsholm",9.27663,56.881832
"65","FHM 2911 Bjørnsholm",9.27663,56.881832
"66","FHM 2911 Bjørnsholm",9.27663,56.881832
"67","FHM 2911 Bjørnsholm",9.27663,56.881832
"68","FHM 2911 Bjørnsholm",9.27663,56.881832
"69","FHM 2911 Bjørnsholm",9.27663,56.881832
"70","FHM 2911 Bjørnsholm",9.27663,56.881832
"71","FHM 2911 Bjørnsholm",9.27663,56.881832
"72","FHM 2911 Bjørnsholm",9.27663,56.881832
"73","FHM 2911 Bjørnsholm",9.27663,56.881832
"74","FHM 2911 Bjørnsholm",9.27663,56.881832
"75","FHM 2911 Bjørnsholm",9.27663,56.881832
"76","FHM 2911 Bjørnsholm",9.27663,56.881832
"77","FHM 2911 Bjørnsholm",9.27663,56.881832
"78","FHM 2911 Bjørnsholm",9.27663,56.881832
"79","FHM 2911 Bjørnsholm",9.27663,56.881832
"80","FHM 2911 Bjørnsholm",9.27663,56.881832
"81","FHM 2911 Bjørnsholm",9.27663,56.881832
"82","FHM 2911 Bjørnsholm",9.27663,56.881832
"83","FHM 2911 Bjørnsholm",9.27663,56.881832
"84","FHM 2911 Bjørnsholm",9.27663,56.881832
"85","FHM 2911 Bjørnsholm",9.27663,56.881832
"86","FHM 2911 Bjørnsholm",9.27663,56.881832
"87","FHM 2911 Bjørnsholm",9.27663,56.881832
"88","FHM 2911 Bjørnsholm",9.27663,56.881832
"89","FHM 2911 Bjørnsholm",9.27663,56.881832
"90","FHM 2911 Bjørnsholm",9.27663,56.881832
"91","FHM 2911 Bjørnsholm",9.27663,56.881832
"92","FHM 2911 Bjørnsholm",9.27663,56.881832
"93","FHM 2911 Bjørnsholm",9.27663,56.881832
"94","FHM 2911 Bjørnsholm",9.27663,56.881832
"95","FHM 2911 Bjørnsholm",9.27663,56.881832
"96","FHM 2911 Bjørnsholm",9.27663,56.881832
"97","FHM 2911 Bjørnsholm",9.27663,56.881832
"98","FHM 2911 Bjørnsholm",9.27663,56.881832
"99","FHM 2911 Bjørnsholm",9.27663,56.881832
"100","FHM 2911 Bjørnsholm",9.27663,56.881832
"101","FHM 2911 Bjørnsholm",9.27663,56.881832
"102","FHM 2911 Bjørnsholm",9.27663,56.881832
"103","FHM 2911 Bjørnsholm",9.27663,56.881832
"104","FHM 2911 Bjørnsholm",9.27663,56.881832
"105","FHM 2911 Bjørnsholm",9.27663,56.881832
"106","FHM 2911 Bjørnsholm",9.27663,56.881832
"107","FHM 2911 Bjørnsholm",9.27663,56.881832
"108","FHM 2911 Bjørnsholm",9.27663,56.881832
"109","FHM 2911 Bjørnsholm",9.27663,56.881832
"110","FHM 2911 Bjørnsholm",9.27663,56.881832
"111","FHM 2911 Bjørnsholm",9.27663,56.881832
"112","FHM 2911 Bjørnsholm",9.27663,56.881832
"113","FHM 2911 Bjørnsholm",9.27663,56.881832
"114","FHM 2911 Bjørnsholm",9.27663,56.881832
"115","FHM 2911 Bjørnsholm",9.27663,56.881832
"116","FHM 2911 Bjørnsholm",9.27663,56.881832
"117","FHM 2911 Bjørnsholm",9.27663,56.881832
"118","FHM 2911 Bjørnsholm",9.27663,56.881832
"119","FHM 2911 Bjørnsholm",9.27663,56.881832
"120","FHM 2911 Bjørnsholm",9.27663,56.881832
"121","FHM 2911 Bjørnsholm",9.27663,56.881832
"122","FHM 2911 Bjørnsholm",9.27663,56.881832
"123","FHM 2911 Bjørnsholm",9.27663,56.881832
"124","FHM 2911 Bjørnsholm",9.27663,56.881832
"125","FHM 2911 Bjørnsholm",9.27663,56.881832
"126","FHM 2911 Bjørnsholm",9.27663,56.881832
"127","FHM 2911 Bjørnsholm",9.27663,56.881832
"128","FHM 2911 Bjørnsholm",9.27663,56.881832
"129","FHM 2911 Bjørnsholm",9.27663,56.881832
"130","FHM 2911 Bjørnsholm",9.27663,56.881832
"131","FHM 2911 Bjørnsholm",9.27663,56.881832
"132","FHM 2911 Bjørnsholm",9.27663,56.881832
"133","FHM 2911 Bjørnsholm",9.27663,56.881832
"134","FHM 2911 Bjørnsholm",9.27663,56.881832
"135","FHM 2911 Bjørnsholm",9.27663,56.881832
"136","FHM 2911 Bjørnsholm",9.27663,56.881832
"137","FHM 2911 Bjørnsholm",9.27663,56.881832
"138","FHM 2911 Bjørnsholm",9.27663,56.881832
"139","FHM 2911 Bjørnsholm",9.27663,56.881832
"140","FHM 2911 Bjørnsholm",9.27663,56.881832
"141","FHM 2911 Bjørnsholm",9.27663,56.881832
"142","FHM 2911 Bjørnsholm",9.27663,56.881832
"143","FHM 2911 Bjørnsholm",9.27663,56.881832
"144","FHM 2911 Bjørnsholm",9.27663,56.881832
"145","FHM 2911 Bjørnsholm",9.27663,56.881832
"146","FHM 2911 Bjørnsholm",9.27663,56.881832
"147","FHM 2911 Bjørnsholm",9.27663,56.881832
"148","FHM 2911 Bjørnsholm",9.27663,56.881832
"149","FHM 2911 Bjørnsholm",9.27663,56.881832
"150","FHM 2911 Bjørnsholm",9.27663,56.881832
"151","FHM 2911 Bjørnsholm",9.27663,56.881832
"152","FHM 2911 Bjørnsholm",9.27663,56.881832
"153","FHM 2911 Bjørnsholm",9.27663,56.881832
"154","FHM 2911 Bjørnsholm",9.27663,56.881832
"155","FHM 2911 Bjørnsholm",9.27663,56.881832
"156","FHM 2911 Bjørnsholm",9.27663,56.881832
"157","FHM 2911 Bjørnsholm",9.27663,56.881832
"158","FHM 2911 Bjørnsholm",9.27663,56.881832
"159","FHM 2911 Bjørnsholm",9.27663,56.881832
"160","FHM 2911 Bjørnsholm",9.27663,56.881832
"161","FHM 2911 Bjørnsholm",9.27663,56.881832
"162","FHM 2911 Bjørnsholm",9.27663,56.881832
"163","FHM 2911 Bjørnsholm",9.27663,56.881832
"164","FHM 2911 Bjørnsholm",9.27663,56.881832
"165","FHM 2911 Bjørnsholm",9.27663,56.881832
"166","FHM 2911 Bjørnsholm",9.27663,56.881832
"167","FHM 2911 Bjørnsholm",9.27663,56.881832
"168","FHM 2911 Bjørnsholm",9.27663,56.881832
"169","FHM 2911 Bjørnsholm",9.27663,56.881832
"170","FHM 2911 Bjørnsholm",9.27663,56.881832
"171","FHM 2911 Bjørnsholm",9.27663,56.881832
"172","FHM 2911 Bjørnsholm",9.27663,56.881832
"173","FHM 2911 Bjørnsholm",9.27663,56.881832
"174","FHM 2911 Bjørnsholm",9.27663,56.881832
"175","FHM 2911 Bjørnsholm",9.27663,56.881832
"176","FHM 2911 Bjørnsholm",9.27663,56.881832
"177","FHM 2911 Bjørnsholm",9.27663,56.881832
"178","FHM 2911 Bjørnsholm",9.27663,56.881832
"179","FHM 2911 Bjørnsholm",9.27663,56.881832
"180","FHM 2911 Bjørnsholm",9.27663,56.881832
"181","FHM 2911 Bjørnsholm",9.27663,56.881832
"182","FHM 2911 Bjørnsholm",9.27663,56.881832
"183","FHM 2911 Bjørnsholm",9.27663,56.881832
"184","FHM 2911 Bjørnsholm",9.27663,56.881832
"185","FHM 2911 Bjørnsholm",9.27663,56.881832
"186","FHM 2911 Bjørnsholm",9.27663,56.881832
"187","FHM 2911 Bjørnsholm",9.27663,56.881832
"188","FHM 2911 Bjørnsholm",9.27663,56.881832
"189","FHM 2911 Bjørnsholm",9.27663,56.881832
"190","FHM 2911 Bjørnsholm",9.27663,56.881832
"191","FHM 2911 Bjørnsholm",9.27663,56.881832
"192","FHM 2911 Bjørnsholm",9.27663,56.881832
"193","FHM 2911 Bjørnsholm",9.27663,56.881832
"194","FHM 2911 Bjørnsholm",9.27663,56.881832
"195","FHM 2911 Bjørnsholm",9.27663,56.881832
"196","FHM 2911 Bjørnsholm",9.27663,56.881832
"197","FHM 2911 Bjørnsholm",9.27663,56.881832
"198","FHM 2911 Bjørnsholm",9.27663,56.881832
"199","FHM 2911 Bjørnsholm",9.27663,56.881832
"200","FHM 2911 Bjørnsholm",9.27663,56.881832
"201","FHM 2911 Bjørnsholm",9.27663,56.881832
"202","FHM 2911 Bjørnsholm",9.27663,56.881832
"203","FHM 2911 Bjørnsholm",9.27663,56.881832
"204","FHM 2911 Bjørnsholm",9.27663,56.881832
"205","FHM 2911 Bjørnsholm",9.27663,56.881832
"206","FHM 2911 Bjørnsholm",9.27663,56.881832
"207","FHM 2911 Bjørnsholm",9.27663,56.881832
"208","FHM 2911 Bjørnsholm",9.27663,56.881832
"209","FHM 2911 Bjørnsholm",9.27663,56.881832
"210","FHM 2911 Bjørnsholm",9.27663,56.881832
"211","FHM 2911 Bjørnsholm",9.27663,56.881832
"212","FHM 2911 Bjørnsholm",9.27663,56.881832
"213","FHM 2911 Bjørnsholm",9.27663,56.881832
"214","FHM 2911 Bjørnsholm",9.27663,56.881832
"215","FHM 2911 Bjørnsholm",9.27663,56.881832
"216","FHM 2911 Bjørnsholm",9.27663,56.881832
"217","FHM 2911 Bjørnsholm",9.27663,56.881832
"218","FHM 2911 Bjørnsholm",9.27663,56.881832
"219","FHM 2911 Bjørnsholm",9.27663,56.881832
"220","FHM 2911 Bjørnsholm",9.27663,56.881832
"221","FHM 2911 Bjørnsholm",9.27663,56.881832
"222","FHM 2911 Bjørnsholm",9.27663,56.881832
"223","FHM 2911 Bjørnsholm",9.27663,56.881832
"224","FHM 2911 Bjørnsholm",9.27663,56.881832
"225","FHM 2911 Bjørnsholm",9.27663,56.881832
"226","FHM 2911 Bjørnsholm",9.27663,56.881832
"227","FHM 1586 Brovst",9.5228664,57.0973209
"228","FHM 1586 Brovst",9.5228664,57.0973209
"229","FHM 1586 Brovst",9.5228664,57.0973209
"230","FHM 1586 Brovst",9.5228664,57.0973209
"231","FHM 1586 Brovst",9.5228664,57.0973209
"232","FHM 1586 Brovst",9.5228664,57.0973209
"233","FHM 1586 Brovst",9.5228664,57.0973209
"234","FHM 1586 Brovst",9.5228664,57.0973209
"235","FHM 1586 Brovst",9.5228664,57.0973209
"236","FHM 1586 Brovst",9.5228664,57.0973209
"237","FHM 1586 Brovst",9.5228664,57.0973209
"238","FHM 1586 Brovst",9.5228664,57.0973209
"239","FHM 1586 Brovst",9.5228664,57.0973209
"240","FHM 1586 Brovst",9.5228664,57.0973209
"241","FHM 1586 Brovst",9.5228664,57.0973209
"242","FHM 1586 Brovst",9.5228664,57.0973209
"243","FHM 1586 Brovst",9.5228664,57.0973209
"244","FHM 1586 Brovst",9.5228664,57.0973209
"245","FHM 1586 Brovst",9.5228664,57.0973209
"246","FHM 1586 Brovst",9.5228664,57.0973209
"247","FHM 1586 Brovst",9.5228664,57.0973209
"248","FHM 1586 Brovst",9.5228664,57.0973209
"249","FHM 1116 Eskelund",9.1301048,56.139828
"250","FHM 1116 Eskelund",9.1301048,56.139828
"251","FHM 1116 Eskelund",9.1301048,56.139828
"252","FHM 1116 Eskelund",9.1301048,56.139828
"253","FHM 1116 Eskelund",9.1301048,56.139828
"254","FHM 1116 Eskelund",9.1301048,56.139828
"255","FHM 1116 Eskelund",9.1301048,56.139828
"256","FHM 1116 Eskelund",9.1301048,56.139828
"257","FHM 1116 Eskelund",9.1301048,56.139828
"258","FHM 1116 Eskelund",9.1301048,56.139828
"259","FHM 1116 Eskelund",9.1301048,56.139828
"260","FHM 1116 Eskelund",9.1301048,56.139828
"261","FHM 1116 Eskelund",9.1301048,56.139828
"262","FHM 1116 Eskelund",9.1301048,56.139828
"263","FHM 1116 Eskelund",9.1301048,56.139828
"264","FHM 1116 Eskelund",9.1301048,56.139828
"265","FHM 1116 Eskelund",9.1301048,56.139828
"266","FHM 1116 Eskelund",9.1301048,56.139828
"267","FHM 1116 Eskelund",9.1301048,56.139828
"268","FHM 1116 Eskelund",9.1301048,56.139828
"269","FHM 4014 Havnø",10.1624347,56.7156585
"270","FHM 4014 Havnø",10.1624347,56.7156585
"271","FHM 4014 Havnø",10.1624347,56.7156585
"272","FHM 4014 Havnø",10.1624347,56.7156585
"273","FHM 4014 Havnø",10.1624347,56.7156585
"274","FHM 4014 Havnø",10.1624347,56.7156585
"275","FHM 4014 Havnø",10.1624347,56.7156585
"276","FHM 4014 Havnø",10.1624347,56.7156585
"277","FHM 4014 Havnø",10.1624347,56.7156585
"278","FHM 4014 Havnø",10.1624347,56.7156585
"279","FHM 4014 Havnø",10.1624347,56.7156585
"280","FHM 4014 Havnø",10.1624347,56.7156585
"281","FHM 4014 Havnø",10.1624347,56.7156585
"282","FHM 4014 Havnø",10.1624347,56.7156585
"283","FHM 4014 Havnø",10.1624347,56.7156585
"284","FHM 4014 Havnø",10.1624347,56.7156585
"285","FHM 4014 Havnø",10.1624347,56.7156585
"286","FHM 4014 Havnø",10.1624347,56.7156585
"287","FHM 4014 Havnø",10.1624347,56.7156585
"288","FHM 4014 Havnø",10.1624347,56.7156585
"289","FHM 4014 Havnø",10.1624347,56.7156585
"290","FHM 4014 Havnø",10.1624347,56.7156585
"291","FHM 4014 Havnø",10.1624347,56.7156585
"292","FHM 4014 Havnø",10.1624347,56.7156585
"293","FHM 4014 Havnø",10.1624347,56.7156585
"294","FHM 4014 Havnø",10.1624347,56.7156585
"295","FHM 4014 Havnø",10.1624347,56.7156585
"296","FHM 4014 Havnø",10.1624347,56.7156585
"297","FHM 4014 Havnø",10.1624347,56.7156585
"298","FHM 4014 Havnø",10.1624347,56.7156585
"299","FHM 4014 Havnø",10.1624347,56.7156585
"300","FHM 4014 Havnø",10.1624347,56.7156585
"301","FHM 4014 Havnø",10.1624347,56.7156585
"302","FHM 4014 Havnø",10.1624347,56.7156585
"303","FHM 4014 Havnø",10.1624347,56.7156585
"304","FHM 4014 Havnø",10.1624347,56.7156585
"305","FHM 4014 Havnø",10.1624347,56.7156585
"306","FHM 4014 Havnø",10.1624347,56.7156585
"307","FHM 4014 Havnø",10.1624347,56.7156585
"308","FHM 4014 Havnø",10.1624347,56.7156585
"309","FHM 4014 Havnø",10.1624347,56.7156585
"310","FHM 4014 Havnø",10.1624347,56.7156585
"311","FHM 4014 Havnø",10.1624347,56.7156585
"312","FHM 4014 Havnø",10.1624347,56.7156585
"313","FHM 4014 Havnø",10.1624347,56.7156585
"314","FHM 4014 Havnø",10.1624347,56.7156585
"315","FHM 4014 Havnø",10.1624347,56.7156585
"316","FHM 4014 Havnø",10.1624347,56.7156585
"317","FHM 4014 Havnø",10.1624347,56.7156585
"318","FHM 4014 Havnø",10.1624347,56.7156585
"319","FHM 4014 Havnø",10.1624347,56.7156585
"320","FHM 4014 Havnø",10.1624347,56.7156585
"321","FHM 4014 Havnø",10.1624347,56.7156585
"322","FHM 4014 Havnø",10.1624347,56.7156585
"323","FHM 4014 Havnø",10.1624347,56.7156585
"324","FHM 4014 Havnø",10.1624347,56.7156585
"325","FHM 4014 Havnø",10.1624347,56.7156585
"326","FHM 4014 Havnø",10.1624347,56.7156585
"327","FHM 4014 Havnø",10.1624347,56.7156585
"328","FHM 4014 Havnø",10.1624347,56.7156585
"329","FHM 4014 Havnø",10.1624347,56.7156585
"330","FHM 4014 Havnø",10.1624347,56.7156585
"331","FHM 4014 Havnø",10.1624347,56.7156585
"332","FHM 4014 Havnø",10.1624347,56.7156585
"333","FHM 4014 Havnø",10.1624347,56.7156585
"334","FHM 4014 Havnø",10.1624347,56.7156585
"335","FHM 4014 Havnø",10.1624347,56.7156585
"336","FHM 4014 Havnø",10.1624347,56.7156585
"337","FHM 4014 Havnø",10.1624347,56.7156585
"338","FHM 4014 Havnø",10.1624347,56.7156585
"339","FHM 4014 Havnø",10.1624347,56.7156585
"340","FHM 4014 Havnø",10.1624347,56.7156585
"341","FHM 4014 Havnø",10.1624347,56.7156585
"342","FHM 4014 Havnø",10.1624347,56.7156585
"343","FHM 4014 Havnø",10.1624347,56.7156585
"344","FHM 4014 Havnø",10.1624347,56.7156585
"345","FHM 4014 Havnø",10.1624347,56.7156585
"346","FHM 4014 Havnø",10.1624347,56.7156585
"347","FHM 4014 Havnø",10.1624347,56.7156585
"348","FHM 4014 Havnø",10.1624347,56.7156585
"349","FHM 4014 Havnø",10.1624347,56.7156585
"350","FHM 4014 Havnø",10.1624347,56.7156585
"351","FHM 4014 Havnø",10.1624347,56.7156585
"352","FHM 4014 Havnø",10.1624347,56.7156585
"353","FHM 4014 Havnø",10.1624347,56.7156585
"354","FHM 4014 Havnø",10.1624347,56.7156585
"355","FHM 4014 Havnø",10.1624347,56.7156585
"356","FHM 4014 Havnø",10.1624347,56.7156585
"357","FHM 4014 Havnø",10.1624347,56.7156585
"358","FHM 4014 Havnø",10.1624347,56.7156585
"359","FHM 4014 Havnø",10.1624347,56.7156585
"360","FHM 4014 Havnø",10.1624347,56.7156585
"361","FHM 4014 Havnø",10.1624347,56.7156585
"362","FHM 4014 Havnø",10.1624347,56.7156585
"363","FHM 4014 Havnø",10.1624347,56.7156585
"364","FHM 4014 Havnø",10.1624347,56.7156585
"365","FHM 4014 Havnø",10.1624347,56.7156585
"366","FHM 4014 Havnø",10.1624347,56.7156585
"367","FHM 4014 Havnø",10.1624347,56.7156585
"368","FHM 4014 Havnø",10.1624347,56.7156585
"369","FHM 4014 Havnø",10.1624347,56.7156585
"370","FHM 4014 Havnø",10.1624347,56.7156585
"371","FHM 4014 Havnø",10.1624347,56.7156585
"372","FHM 4014 Havnø",10.1624347,56.7156585
"373","FHM 4014 Havnø",10.1624347,56.7156585
"374","FHM 4014 Havnø",10.1624347,56.7156585
"375","FHM 4014 Havnø",10.1624347,56.7156585
"376","FHM 4014 Havnø",10.1624347,56.7156585
"377","FHM 4014 Havnø",10.1624347,56.7156585
"378","FHM 4014 Havnø",10.1624347,56.7156585
"379","FHM 4014 Havnø",10.1624347,56.7156585
"380","FHM 4014 Havnø",10.1624347,56.7156585
"381","FHM 4014 Havnø",10.1624347,56.7156585
"382","FHM 4014 Havnø",10.1624347,56.7156585
"383","FHM 4014 Havnø",10.1624347,56.7156585
"384","FHM 4014 Havnø",10.1624347,56.7156585
"385","FHM 4014 Havnø",10.1624347,56.7156585
"386","FHM 4014 Havnø",10.1624347,56.7156585
"387","FHM 4014 Havnø",10.1624347,56.7156585
"388","FHM 4014 Havnø",10.1624347,56.7156585
"389","FHM 4014 Havnø",10.1624347,56.7156585
"390","FHM 4014 Havnø",10.1624347,56.7156585
"391","FHM 4014 Havnø",10.1624347,56.7156585
"392","FHM 4014 Havnø",10.1624347,56.7156585
"393","FHM 4014 Havnø",10.1624347,56.7156585
"394","FHM 4014 Havnø",10.1624347,56.7156585
"395","FHM 4014 Havnø",10.1624347,56.7156585
"396","FHM 4014 Havnø",10.1624347,56.7156585
"397","FHM 4014 Havnø",10.1624347,56.7156585
"398","FHM 4014 Havnø",10.1624347,56.7156585
"399","FHM 4014 Havnø",10.1624347,56.7156585
"400","FHM 1532 Holmegård",12.4557461,56.0476395
"401","FHM 1532 Holmegård",12.4557461,56.0476395
"402","FHM 1532 Holmegård",12.4557461,56.0476395
"403","FHM 1532 Holmegård",12.4557461,56.0476395
"404","FHM 1532 Holmegård",12.4557461,56.0476395
"405","FHM 1532 Holmegård",12.4557461,56.0476395
"406","FHM 1532 Holmegård",12.4557461,56.0476395
"407","FHM 1532 Holmegård",12.4557461,56.0476395
"408","FHM 1532 Holmegård",12.4557461,56.0476395
"409","FHM 1532 Holmegård",12.4557461,56.0476395
"410","FHM 1532 Holmegård",12.4557461,56.0476395
"411","FHM 1532 Holmegård",12.4557461,56.0476395
"412","FHM 1532 Holmegård",12.4557461,56.0476395
"413","FHM 1532 Holmegård",12.4557461,56.0476395
"414","FHM 1532 Holmegård",12.4557461,56.0476395
"415","FHM 1532 Holmegård",12.4557461,56.0476395
"416","FHM 1532 Holmegård",12.4557461,56.0476395
"417","FHM 1532 Holmegård",12.4557461,56.0476395
"418","FHM 1532 Holmegård",12.4557461,56.0476395
"419","FHM 1532 Holmegård",12.4557461,56.0476395
"420","FHM 1532 Holmegård",12.4557461,56.0476395
"421","FHM 1532 Holmegård",12.4557461,56.0476395
"422","FHM 1532 Holmegård",12.4557461,56.0476395
"423","FHM 1532 Holmegård",12.4557461,56.0476395
"424","FHM 1532 Holmegård",12.4557461,56.0476395
"425","FHM 1532 Holmegård",12.4557461,56.0476395
"426","FHM 1532 Holmegård",12.4557461,56.0476395
"427","FHM 1532 Holmegård",12.4557461,56.0476395
"428","FHM 1532 Holmegård",12.4557461,56.0476395
"429","FHM 1532 Holmegård",12.4557461,56.0476395
"430","FHM 1532 Holmegård",12.4557461,56.0476395
"431","FHM 1532 Holmegård",12.4557461,56.0476395
"432","FHM 1532 Holmegård",12.4557461,56.0476395
"433","FHM 2168 Ertebølle",9.1845656,56.8142288
"434","FHM 2168 Ertebølle",9.1845656,56.8142288
"435","FHM 2168 Ertebølle",9.1845656,56.8142288
"436","FHM 2168 Ertebølle",9.1845656,56.8142288
"437","FHM 2168 Ertebølle",9.1845656,56.8142288
"438","FHM 2168 Ertebølle",9.1845656,56.8142288
"439","FHM 2168 Ertebølle",9.1845656,56.8142288
"440","FHM 2168 Ertebølle",9.1845656,56.8142288
"441","FHM 2168 Ertebølle",9.1845656,56.8142288
"442","FHM 2168 Ertebølle",9.1845656,56.8142288
"443","FHM 2168 Ertebølle",9.1845656,56.8142288
"444","FHM 2168 Ertebølle",9.1845656,56.8142288
"445","FHM 2168 Ertebølle",9.1845656,56.8142288
"446","FHM 2168 Ertebølle",9.1845656,56.8142288
"447","FHM 2168 Ertebølle",9.1845656,56.8142288
"448","FHM 2168 Ertebølle",9.1845656,56.8142288
"449","FHM 2168 Ertebølle",9.1845656,56.8142288
"450","FHM 2168 Ertebølle",9.1845656,56.8142288
"451","FHM 2168 Ertebølle",9.1845656,56.8142288
"452","FHM 2168 Ertebølle",9.1845656,56.8142288
"453","FHM 2168 Ertebølle",9.1845656,56.8142288
"454","FHM 2168 Ertebølle",9.1845656,56.8142288
"455","FHM 2168 Ertebølle",9.1845656,56.8142288
"456","FHM 2168 Ertebølle",9.1845656,56.8142288
"457","FHM 2168 Ertebølle",9.1845656,56.8142288
"458","FHM 2168 Ertebølle",9.1845656,56.8142288
"459","FHM 2168 Ertebølle",9.1845656,56.8142288
"460","FHM 2168 Ertebølle",9.1845656,56.8142288
"461","FHM 2168 Ertebølle",9.1845656,56.8142288
"462","FHM 2168 Ertebølle",9.1845656,56.8142288
"463","FHM 2168 Ertebølle",9.1845656,56.8142288
"464","FHM 2168 Ertebølle",9.1845656,56.8142288
"465","FHM 2168 Ertebølle",9.1845656,56.8142288
"466","FHM 2168 Ertebølle",9.1845656,56.8142288
"467","FHM 2168 Ertebølle",9.1845656,56.8142288
"468","FHM 2168 Ertebølle",9.1845656,56.8142288
"469","FHM 2168 Ertebølle",9.1845656,56.8142288
"470","FHM 2168 Ertebølle",9.1845656,56.8142288
"471","FHM 2168 Ertebølle",9.1845656,56.8142288
"472","FHM 2168 Ertebølle",9.1845656,56.8142288
"473","FHM 2168 Ertebølle",9.1845656,56.8142288
"474","FHM 2168 Ertebølle",9.1845656,56.8142288
"475","FHM 2168 Ertebølle",9.1845656,56.8142288
"476","FHM 2168 Ertebølle",9.1845656,56.8142288
"477","FHM 2168 Ertebølle",9.1845656,56.8142288
"478","FHM 2168 Ertebølle",9.1845656,56.8142288
"479","FHM 2168 Ertebølle",9.1845656,56.8142288
"480","FHM 2168 Ertebølle",9.1845656,56.8142288
"481","FHM 2168 Ertebølle",9.1845656,56.8142288
"482","FHM 2168 Ertebølle",9.1845656,56.8142288
"483","FHM 2168 Ertebølle",9.1845656,56.8142288
"484","FHM 2168 Ertebølle",9.1845656,56.8142288
"485","FHM 2168 Ertebølle",9.1845656,56.8142288
"486","FHM 2168 Ertebølle",9.1845656,56.8142288
"487","FHM 2168 Ertebølle",9.1845656,56.8142288
"488","FHM 2168 Ertebølle",9.1845656,56.8142288
"489","FHM 2168 Ertebølle",9.1845656,56.8142288
"490","FHM 2168 Ertebølle",9.1845656,56.8142288
"491","FHM 2168 Ertebølle",9.1845656,56.8142288
"492","FHM 2168 Ertebølle",9.1845656,56.8142288
"493","FHM 2168 Ertebølle",9.1845656,56.8142288
"494","FHM 2168 Ertebølle",9.1845656,56.8142288
"495","FHM 2168 Ertebølle",9.1845656,56.8142288
"496","FHM 2168 Ertebølle",9.1845656,56.8142288
"497","FHM 2168 Ertebølle",9.1845656,56.8142288
"498","FHM 2168 Ertebølle",9.1845656,56.8142288
"499","FHM 2168 Ertebølle",9.1845656,56.8142288
"500","FHM 2168 Ertebølle",9.1845656,56.8142288
"501","FHM 2168 Ertebølle",9.1845656,56.8142288
"502","FHM 2168 Ertebølle",9.1845656,56.8142288
"503","FHM 2168 Ertebølle",9.1845656,56.8142288
"504","FHM 2168 Ertebølle",9.1845656,56.8142288
"505","FHM 2168 Ertebølle",9.1845656,56.8142288
"506","FHM 2168 Ertebølle",9.1845656,56.8142288
"507","FHM 2168 Ertebølle",9.1845656,56.8142288
"508","FHM 2168 Ertebølle",9.1845656,56.8142288
"509","FHM 2168 Ertebølle",9.1845656,56.8142288
"510","FHM 2168 Ertebølle",9.1845656,56.8142288
"511","FHM 2168 Ertebølle",9.1845656,56.8142288
"512","FHM 2168 Ertebølle",9.1845656,56.8142288
"513","FHM 2168 Ertebølle",9.1845656,56.8142288
"514","FHM 2168 Ertebølle",9.1845656,56.8142288
"515","FHM 2168 Ertebølle",9.1845656,56.8142288
"516","FHM 2168 Ertebølle",9.1845656,56.8142288
"517","FHM 2168 Ertebølle",9.1845656,56.8142288
"518","FHM 2168 Ertebølle",9.1845656,56.8142288
"519","FHM 2168 Ertebølle",9.1845656,56.8142288
"520","FHM 2168 Ertebølle",9.1845656,56.8142288
"521","FHM 2168 Ertebølle",9.1845656,56.8142288
"522","FHM 2168 Ertebølle",9.1845656,56.8142288
"523","FHM 2168 Ertebølle",9.1845656,56.8142288
"524","FHM 2168 Ertebølle",9.1845656,56.8142288
"525","FHM 2168 Ertebølle",9.1845656,56.8142288
"526","FHM 2168 Ertebølle",9.1845656,56.8142288
"527","FHM 2168 Ertebølle",9.1845656,56.8142288
"528","FHM 2168 Ertebølle",9.1845656,56.8142288
"529","FHM 2168 Ertebølle",9.1845656,56.8142288
"530","FHM 2168 Ertebølle",9.1845656,56.8142288
"531","FHM 2168 Ertebølle",9.1845656,56.8142288
"532","FHM 2168 Ertebølle",9.1845656,56.8142288
"533","FHM 2168 Ertebølle",9.1845656,56.8142288
"534","FHM 2168 Ertebølle",9.1845656,56.8142288
"535","FHM 2168 Ertebølle",9.1845656,56.8142288
"536","FHM 2168 Ertebølle",9.1845656,56.8142288
"537","FHM 2168 Ertebølle",9.1845656,56.8142288
"538","FHM 2168 Ertebølle",9.1845656,56.8142288
"539","FHM 2168 Ertebølle",9.1845656,56.8142288
"540","FHM 2168 Ertebølle",9.1845656,56.8142288
"541","FHM 2168 Ertebølle",9.1845656,56.8142288
"542","FHM 2168 Ertebølle",9.1845656,56.8142288
"543","FHM 2168 Ertebølle",9.1845656,56.8142288
"544","FHM 2168 Ertebølle",9.1845656,56.8142288
"545","FHM 2168 Ertebølle",9.1845656,56.8142288
"546","FHM 2168 Ertebølle",9.1845656,56.8142288
"547","FHM 2168 Ertebølle",9.1845656,56.8142288
"548","FHM 2168 Ertebølle",9.1845656,56.8142288
"549","FHM 2168 Ertebølle",9.1845656,56.8142288
"550","FHM 4383 Krabbesholm II",9.0511528,56.5729156
"551","FHM 4383 Krabbesholm II",9.0511528,56.5729156
"552","FHM 4383 Krabbesholm II",9.0511528,56.5729156
"553","FHM 4383 Krabbesholm II",9.0511528,56.5729156
"554","FHM 4383 Krabbesholm II",9.0511528,56.5729156
"555","FHM 4383 Krabbesholm II",9.0511528,56.5729156
"556","FHM 4383 Krabbesholm II",9.0511528,56.5729156
"557","FHM 4383 Krabbesholm II",9.0511528,56.5729156
"558","FHM 4383 Krabbesholm II",9.0511528,56.5729156
"559","FHM 4383 Krabbesholm II",9.0511528,56.5729156
"560","FHM 4383 Krabbesholm II",9.0511528,56.5729156
"561","FHM 4383 Krabbesholm II",9.0511528,56.5729156
"562","FHM 4383 Krabbesholm II",9.0511528,56.5729156
"563","FHM 4383 Krabbesholm II",9.0511528,56.5729156
"564","FHM 4383 Krabbesholm II",9.0511528,56.5729156
"565","FHM 4383 Krabbesholm II",9.0511528,56.5729156
"566","FHM 4383 Krabbesholm II",9.0511528,56.5729156
"567","FHM 4383 Krabbesholm II",9.0511528,56.5729156
"568","FHM 4383 Krabbesholm II",9.0511528,56.5729156
"569","FHM 4383 Krabbesholm II",9.0511528,56.5729156
"570","FHM 4383 Krabbesholm II",9.0511528,56.5729156
"571","FHM 4383 Krabbesholm II",9.0511528,56.5729156
"572","FHM 4383 Krabbesholm II",9.0511528,56.5729156
"573","FHM 4383 Krabbesholm II",9.0511528,56.5729156
"574","FHM 4383 Krabbesholm II",9.0511528,56.5729156
"575","FHM 4383 Krabbesholm II",9.0511528,56.5729156
"576","FHM 4383 Krabbesholm II",9.0511528,56.5729156
"577","FHM 4383 Krabbesholm II",9.0511528,56.5729156
"578","FHM 4383 Krabbesholm II",9.0511528,56.5729156
"579","FHM 4383 Krabbesholm II",9.0511528,56.5729156
"580","FHM 4383 Krabbesholm II",9.0511528,56.5729156
"581","FHM 4383 Krabbesholm II",9.0511528,56.5729156
"582","FHM 4383 Krabbesholm II",9.0511528,56.5729156
"583","FHM 4383 Krabbesholm II",9.0511528,56.5729156
"584","FHM 4383 Krabbesholm II",9.0511528,56.5729156
"585","FHM 4383 Krabbesholm II",9.0511528,56.5729156
"586","FHM 4383 Krabbesholm II",9.0511528,56.5729156
"587","FHM 4383 Krabbesholm II",9.0511528,56.5729156
"588","FHM 4383 Krabbesholm II",9.0511528,56.5729156
"589","FHM 4383 Krabbesholm II",9.0511528,56.5729156
"590","FHM 4383 Krabbesholm II",9.0511528,56.5729156
"591","FHM 4383 Krabbesholm II",9.0511528,56.5729156
"592","FHM 4383 Krabbesholm II",9.0511528,56.5729156
"593","FHM 4383 Krabbesholm II",9.0511528,56.5729156
"594","FHM 4383 Krabbesholm II",9.0511528,56.5729156
"595","FHM 4383 Krabbesholm II",9.0511528,56.5729156
"596","FHM 4383 Krabbesholm II",9.0511528,56.5729156
"597","FHM 4383 Krabbesholm II",9.0511528,56.5729156
"598","FHM 4383 Krabbesholm II",9.0511528,56.5729156
"599","FHM 4383 Krabbesholm II",9.0511528,56.5729156
"600","FHM 4383 Krabbesholm II",9.0511528,56.5729156
"601","FHM 4383 Krabbesholm II",9.0511528,56.5729156
"602","FHM 4383 Krabbesholm II",9.0511528,56.5729156
"603","FHM 4383 Krabbesholm II",9.0511528,56.5729156
"604","FHM 4383 Krabbesholm II",9.0511528,56.5729156
"605","FHM 4383 Krabbesholm II",9.0511528,56.5729156
"606","FHM 4383 Krabbesholm II",9.0511528,56.5729156
"607","FHM 4383 Krabbesholm II",9.0511528,56.5729156
"608","FHM 4383 Krabbesholm II",9.0511528,56.5729156
"609","FHM 4383 Krabbesholm II",9.0511528,56.5729156
"610","FHM 4383 Krabbesholm II",9.0511528,56.5729156
"611","FHM 4383 Krabbesholm II",9.0511528,56.5729156
"612","FHM 4383 Krabbesholm II",9.0511528,56.5729156
"613","FHM 4383 Krabbesholm II",9.0511528,56.5729156
"614","FHM 4383 Krabbesholm II",9.0511528,56.5729156
"615","FHM 4383 Krabbesholm II",9.0511528,56.5729156
"616","FHM 4383 Krabbesholm II",9.0511528,56.5729156
"617","FHM 4383 Krabbesholm II",9.0511528,56.5729156
"618","FHM 4383 Krabbesholm II",9.0511528,56.5729156
"619","FHM 4383 Krabbesholm II",9.0511528,56.5729156
"620","FHM 4383 Krabbesholm II",9.0511528,56.5729156
"621","FHM 4383 Krabbesholm II",9.0511528,56.5729156
"622","FHM 4383 Krabbesholm II",9.0511528,56.5729156
"623","FHM 4383 Krabbesholm II",9.0511528,56.5729156
"624","FHM 4383 Krabbesholm II",9.0511528,56.5729156
"625","FHM 4383 Krabbesholm II",9.0511528,56.5729156
"626","FHM 4383 Krabbesholm II",9.0511528,56.5729156
"627","FHM 4383 Krabbesholm II",9.0511528,56.5729156
"628","FHM 4383 Krabbesholm II",9.0511528,56.5729156
"629","FHM 4383 Krabbesholm II",9.0511528,56.5729156
"630","FHM 4383 Krabbesholm II",9.0511528,56.5729156
"631","FHM 4383 Krabbesholm II",9.0511528,56.5729156
"632","FHM 4383 Krabbesholm II",9.0511528,56.5729156
"633","FHM 4383 Krabbesholm II",9.0511528,56.5729156
"634","FHM 4383 Krabbesholm II",9.0511528,56.5729156
"635","FHM 4383 Krabbesholm II",9.0511528,56.5729156
"636","FHM 4383 Krabbesholm II",9.0511528,56.5729156
"637","FHM 4383 Krabbesholm II",9.0511528,56.5729156
"638","FHM 4383 Krabbesholm II",9.0511528,56.5729156
"639","FHM 4383 Krabbesholm II",9.0511528,56.5729156
"640","FHM 4383 Krabbesholm II",9.0511528,56.5729156
"641","FHM 4383 Krabbesholm II",9.0511528,56.5729156
"642","FHM 4383 Krabbesholm II",9.0511528,56.5729156
"643","FHM 4383 Krabbesholm II",9.0511528,56.5729156
"644","FHM 4383 Krabbesholm II",9.0511528,56.5729156
"645","FHM 4383 Krabbesholm II",9.0511528,56.5729156
"646","FHM 4383 Krabbesholm II",9.0511528,56.5729156
"647","FHM 4383 Krabbesholm II",9.0511528,56.5729156
"648","FHM 4383 Krabbesholm II",9.0511528,56.5729156
"649","FHM 4383 Krabbesholm II",9.0511528,56.5729156
"650","FHM 4383 Krabbesholm II",9.0511528,56.5729156
"651","FHM 4383 Krabbesholm II",9.0511528,56.5729156
"652","FHM 4383 Krabbesholm II",9.0511528,56.5729156
"653","FHM 4383 Krabbesholm II",9.0511528,56.5729156
"654","FHM 4383 Krabbesholm II",9.0511528,56.5729156
"655","FHM 4383 Krabbesholm II",9.0511528,56.5729156
"656","FHM 4383 Krabbesholm II",9.0511528,56.5729156
"657","FHM 4383 Krabbesholm II",9.0511528,56.5729156
"658","FHM 4383 Krabbesholm II",9.0511528,56.5729156
"659","FHM 4383 Krabbesholm II",9.0511528,56.5729156
"660","FHM 4383 Krabbesholm II",9.0511528,56.5729156
"661","FHM 4383 Krabbesholm II",9.0511528,56.5729156
"662","FHM 4383 Krabbesholm II",9.0511528,56.5729156
"663","FHM 4383 Krabbesholm II",9.0511528,56.5729156
"664","FHM 4383 Krabbesholm II",9.0511528,56.5729156
"665","FHM 4383 Krabbesholm II",9.0511528,56.5729156
"666","FHM 4383 Krabbesholm II",9.0511528,56.5729156
"667","FHM 4383 Krabbesholm II",9.0511528,56.5729156
"668","FHM 4383 Krabbesholm II",9.0511528,56.5729156
"669","FHM 4383 Krabbesholm II",9.0511528,56.5729156
"670","FHM 4383 Krabbesholm II",9.0511528,56.5729156
"671","FHM 4383 Krabbesholm II",9.0511528,56.5729156
"672","FHM 4383 Krabbesholm II",9.0511528,56.5729156
"673","FHM 4383 Krabbesholm II",9.0511528,56.5729156
"674","FHM 4383 Krabbesholm II",9.0511528,56.5729156
"675","FHM 4383 Krabbesholm II",9.0511528,56.5729156
"676","FHM 4383 Krabbesholm II",9.0511528,56.5729156
"677","FHM 4383 Krabbesholm II",9.0511528,56.5729156
"678","FHM 4383 Krabbesholm II",9.0511528,56.5729156
"679","FHM 4383 Krabbesholm II",9.0511528,56.5729156
"680","FHM 4383 Krabbesholm II",9.0511528,56.5729156
"681","FHM 4383 Krabbesholm II",9.0511528,56.5729156
"682","FHM 4383 Krabbesholm II",9.0511528,56.5729156
"683","FHM 4383 Krabbesholm II",9.0511528,56.5729156
"684","FHM 4383 Krabbesholm II",9.0511528,56.5729156
"685","FHM 4383 Krabbesholm II",9.0511528,56.5729156
"686","FHM 4383 Krabbesholm II",9.0511528,56.5729156
"687","FHM 4383 Krabbesholm II",9.0511528,56.5729156
"688","FHM 4383 Krabbesholm II",9.0511528,56.5729156
"689","FHM 4383 Krabbesholm II",9.0511528,56.5729156
"690","FHM 4383 Krabbesholm II",9.0511528,56.5729156
"691","FHM 4383 Krabbesholm II",9.0511528,56.5729156
"692","FHM 4383 Krabbesholm II",9.0511528,56.5729156
"693","FHM 4383 Krabbesholm II",9.0511528,56.5729156
"694","FHM 4383 Krabbesholm II",9.0511528,56.5729156
"695","FHM 4383 Krabbesholm II",9.0511528,56.5729156
"696","FHM 4383 Krabbesholm II",9.0511528,56.5729156
"697","FHM 4383 Krabbesholm II",9.0511528,56.5729156
"698","FHM 4383 Krabbesholm II",9.0511528,56.5729156
"699","FHM 4383 Krabbesholm II",9.0511528,56.5729156
"700","FHM 4383 Krabbesholm II",9.0511528,56.5729156
"701","FHM 4383 Krabbesholm II",9.0511528,56.5729156
"702","FHM 4383 Krabbesholm II",9.0511528,56.5729156
"703","FHM 4383 Krabbesholm II",9.0511528,56.5729156
"704","FHM 4383 Krabbesholm II",9.0511528,56.5729156
"705","FHM 4383 Krabbesholm II",9.0511528,56.5729156
"706","FHM 4383 Krabbesholm II",9.0511528,56.5729156
"707","FHM 4383 Krabbesholm II",9.0511528,56.5729156
"708","FHM 4383 Krabbesholm II",9.0511528,56.5729156
"709","FHM 4383 Krabbesholm II",9.0511528,56.5729156
"710","FHM 4383 Krabbesholm II",9.0511528,56.5729156
"711","FHM 4383 Krabbesholm II",9.0511528,56.5729156
"712","FHM 4383 Krabbesholm II",9.0511528,56.5729156
"713","FHM 4383 Krabbesholm II",9.0511528,56.5729156
"714","FHM 4383 Krabbesholm II",9.0511528,56.5729156
"715","FHM 4383 Krabbesholm II",9.0511528,56.5729156
"716","FHM 4383 Krabbesholm II",9.0511528,56.5729156
"717","FHM 4383 Krabbesholm II",9.0511528,56.5729156
"718","FHM 4383 Krabbesholm II",9.0511528,56.5729156
"719","FHM 4383 Krabbesholm II",9.0511528,56.5729156
"720","FHM 4383 Krabbesholm II",9.0511528,56.5729156
"721","FHM 4383 Krabbesholm II",9.0511528,56.5729156
"722","FHM 4383 Krabbesholm II",9.0511528,56.5729156
"723","FHM 4383 Krabbesholm II",9.0511528,56.5729156
"724","FHM 4383 Krabbesholm II",9.0511528,56.5729156
"725","FHM 4383 Krabbesholm II",9.0511528,56.5729156
"726","FHM 4383 Krabbesholm II",9.0511528,56.5729156
"727","FHM 4383 Krabbesholm II",9.0511528,56.5729156
"728","FHM 4383 Krabbesholm II",9.0511528,56.5729156
"729","FHM 4383 Krabbesholm II",9.0511528,56.5729156
"730","FHM 4383 Krabbesholm II",9.0511528,56.5729156
"731","FHM 4383 Krabbesholm II",9.0511528,56.5729156
"732","FHM 4383 Krabbesholm II",9.0511528,56.5729156
"733","FHM 4383 Krabbesholm II",9.0511528,56.5729156
"734","FHM 4383 Krabbesholm II",9.0511528,56.5729156
"735","FHM 4383 Krabbesholm II",9.0511528,56.5729156
"736","FHM 4383 Krabbesholm II",9.0511528,56.5729156
"737","FHM 4383 Krabbesholm II",9.0511528,56.5729156
"738","FHM 4383 Krabbesholm II",9.0511528,56.5729156
"739","FHM 4383 Krabbesholm II",9.0511528,56.5729156
"740","FHM 4383 Krabbesholm II",9.0511528,56.5729156
"741","FHM 4383 Krabbesholm II",9.0511528,56.5729156
"742","FHM 4383 Krabbesholm II",9.0511528,56.5729156
"743","FHM 4383 Krabbesholm II",9.0511528,56.5729156
"744","FHM 4383 Krabbesholm II",9.0511528,56.5729156
"745","FHM 4383 Krabbesholm II",9.0511528,56.5729156
"746","FHM 4383 Krabbesholm II",9.0511528,56.5729156
"747","FHM 4383 Krabbesholm II",9.0511528,56.5729156
"748","FHM 4383 Krabbesholm II",9.0511528,56.5729156
"749","FHM 4383 Krabbesholm II",9.0511528,56.5729156
"750","FHM 4383 Krabbesholm II",9.0511528,56.5729156
"751","FHM 4383 Krabbesholm II",9.0511528,56.5729156
"752","FHM 4383 Krabbesholm II",9.0511528,56.5729156
"753","FHM 4383 Krabbesholm II",9.0511528,56.5729156
"754","FHM 4383 Krabbesholm II",9.0511528,56.5729156
"755","FHM 4383 Krabbesholm II",9.0511528,56.5729156
"756","FHM 4383 Krabbesholm II",9.0511528,56.5729156
"757","FHM 4383 Krabbesholm II",9.0511528,56.5729156
"758","FHM 4383 Krabbesholm II",9.0511528,56.5729156
"759","FHM 4383 Krabbesholm II",9.0511528,56.5729156
"760","FHM 4383 Krabbesholm II",9.0511528,56.5729156
"761","FHM 4383 Krabbesholm II",9.0511528,56.5729156
"762","FHM 4383 Krabbesholm II",9.0511528,56.5729156
"763","FHM 4383 Krabbesholm II",9.0511528,56.5729156
"764","FHM 4383 Krabbesholm II",9.0511528,56.5729156
"765","FHM 4383 Krabbesholm II",9.0511528,56.5729156
"766","FHM 4383 Krabbesholm II",9.0511528,56.5729156
"767","FHM 4383 Krabbesholm II",9.0511528,56.5729156
"768","FHM 4383 Krabbesholm II",9.0511528,56.5729156
"769","FHM 4383 Krabbesholm II",9.0511528,56.5729156
"770","FHM 4383 Krabbesholm II",9.0511528,56.5729156
"771","FHM 4383 Krabbesholm II",9.0511528,56.5729156
"772","FHM 4383 Krabbesholm II",9.0511528,56.5729156
"773","FHM 4383 Krabbesholm II",9.0511528,56.5729156
"774","FHM 4383 Krabbesholm II",9.0511528,56.5729156
"775","FHM 4383 Krabbesholm II",9.0511528,56.5729156
"776","FHM 4383 Krabbesholm II",9.0511528,56.5729156
"777","FHM 4383 Krabbesholm II",9.0511528,56.5729156
"778","FHM 4383 Krabbesholm II",9.0511528,56.5729156
"779","FHM 4383 Krabbesholm II",9.0511528,56.5729156
"780","FHM 4383 Krabbesholm II",9.0511528,56.5729156
"781","FHM 4383 Krabbesholm II",9.0511528,56.5729156
"782","FHM 4383 Krabbesholm II",9.0511528,56.5729156
"783","FHM 4383 Krabbesholm II",9.0511528,56.5729156
"784","FHM 4383 Krabbesholm II",9.0511528,56.5729156
"785","FHM 4383 Krabbesholm II",9.0511528,56.5729156
"786","FHM 4383 Krabbesholm II",9.0511528,56.5729156
"787","FHM 4383 Krabbesholm II",9.0511528,56.5729156
"788","FHM 4383 Krabbesholm II",9.0511528,56.5729156
"789","FHM 4383 Krabbesholm II",9.0511528,56.5729156
"790","FHM 4383 Krabbesholm II",9.0511528,56.5729156
"791","FHM 4383 Krabbesholm II",9.0511528,56.5729156
"792","FHM 4383 Krabbesholm II",9.0511528,56.5729156
"793","FHM 4383 Krabbesholm II",9.0511528,56.5729156
"794","FHM 4383 Krabbesholm II",9.0511528,56.5729156
"795","FHM 4383 Krabbesholm II",9.0511528,56.5729156
"796","FHM 4383 Krabbesholm II",9.0511528,56.5729156
"797","FHM 4383 Krabbesholm II",9.0511528,56.5729156
"798","FHM 4383 Krabbesholm II",9.0511528,56.5729156
"799","FHM 4383 Krabbesholm II",9.0511528,56.5729156
"800","FHM 4383 Krabbesholm II",9.0511528,56.5729156
"801","FHM 4383 Krabbesholm II",9.0511528,56.5729156
"802","FHM 4383 Krabbesholm II",9.0511528,56.5729156
"803","FHM 4383 Krabbesholm II",9.0511528,56.5729156
"804","FHM 4383 Krabbesholm II",9.0511528,56.5729156
"805","FHM 4383 Krabbesholm II",9.0511528,56.5729156
"806","FHM 1395 Kalvø",NA,NA
"807","FHM 1395 Kalvø",NA,NA
"808","FHM 1395 Kalvø",NA,NA
"809","FHM 1395 Kalvø",NA,NA
"810","FHM 1395 Kalvø",NA,NA
"811","FHM 1395 Kalvø",NA,NA
"812","FHM 1395 Kalvø",NA,NA
"813","FHM 1395 Kalvø",NA,NA
"814","FHM 1395 Kalvø",NA,NA
"815","FHM 1395 Kalvø",NA,NA
"816","FHM 1395 Kalvø",NA,NA
"817","FHM 1395 Kalvø",NA,NA
"818","FHM 1395 Kalvø",NA,NA
"819","FHM 1395 Kalvø",NA,NA
"820","FHM 1395 Kalvø",NA,NA
"821","FHM 1395 Kalvø",NA,NA
"822","FHM 1395 Kalvø",NA,NA
"823","FHM 1395 Kalvø",NA,NA
"824","FHM 1395 Kalvø",NA,NA
"825","FHM 1395 Kalvø",NA,NA
"826","FHM 1395 Kalvø",NA,NA
"827","FHM 1395 Kalvø",NA,NA
"828","FHM 1395 Kalvø",NA,NA
"829","FHM 1395 Kalvø",NA,NA
"830","FHM 1395 Kalvø",NA,NA
"831","FHM 1395 Kalvø",NA,NA
"832","FHM 1395 Kalvø",NA,NA
"833","FHM 1395 Kalvø",NA,NA
"834","FHM 1395 Kalvø",NA,NA
"835","FHM 1395 Kalvø",NA,NA
"836","FHM 1395 Kalvø",NA,NA
"837","FHM 1395 Kalvø",NA,NA
"838","FHM 1395 Kalvø",NA,NA
"839","FHM 2718 Lystrup Enge",NA,NA
"840","FHM 2718 Lystrup Enge",NA,NA
"841","FHM 2718 Lystrup Enge",NA,NA
"842","FHM 2718 Lystrup Enge",NA,NA
"843","FHM 2718 Lystrup Enge",NA,NA
"844","FHM 2718 Lystrup Enge",NA,NA
"845","FHM 2718 Lystrup Enge",NA,NA
"846","FHM 2718 Lystrup Enge",NA,NA
"847","FHM 2718 Lystrup Enge",NA,NA
"848","FHM 2718 Lystrup Enge",NA,NA
"849","FHM 2718 Lystrup Enge",NA,NA
"850","FHM 1734 Norsminde",10.2613782,56.0256266
"851","FHM 1734 Norsminde",10.2613782,56.0256266
"852","FHM 1734 Norsminde",10.2613782,56.0256266
"853","FHM 1734 Norsminde",10.2613782,56.0256266
"854","FHM 1734 Norsminde",10.2613782,56.0256266
"855","FHM 1734 Norsminde",10.2613782,56.0256266
"856","FHM 1734 Norsminde",10.2613782,56.0256266
"857","FHM 1734 Norsminde",10.2613782,56.0256266
"858","FHM 1734 Norsminde",10.2613782,56.0256266
"859","FHM 1734 Norsminde",10.2613782,56.0256266
"860","FHM 1734 Norsminde",10.2613782,56.0256266
"861","FHM 1734 Norsminde",10.2613782,56.0256266
"862","FHM 1734 Norsminde",10.2613782,56.0256266
"863","FHM 1734 Norsminde",10.2613782,56.0256266
"864","FHM 1734 Norsminde",10.2613782,56.0256266
"865","FHM 1734 Norsminde",10.2613782,56.0256266
"866","FHM 1734 Norsminde",10.2613782,56.0256266
"867","FHM 1734 Norsminde",10.2613782,56.0256266
"868","FHM 1734 Norsminde",10.2613782,56.0256266
"869","FHM 1734 Norsminde",10.2613782,56.0256266
"870","FHM 1734 Norsminde",10.2613782,56.0256266
"871","FHM 1734 Norsminde",10.2613782,56.0256266
"872","FHM 1734 Norsminde",10.2613782,56.0256266
"873","FHM 1734 Norsminde",10.2613782,56.0256266
"874","FHM 1734 Norsminde",10.2613782,56.0256266
"875","FHM 1734 Norsminde",10.2613782,56.0256266
"876","FHM 1734 Norsminde",10.2613782,56.0256266
"877","FHM 1734 Norsminde",10.2613782,56.0256266
"878","FHM 1734 Norsminde",10.2613782,56.0256266
"879","FHM 1734 Norsminde",10.2613782,56.0256266
"880","FHM 1734 Norsminde",10.2613782,56.0256266
"881","FHM 1734 Norsminde",10.2613782,56.0256266
"882","FHM 1734 Norsminde",10.2613782,56.0256266
"883","FHM 1734 Norsminde",10.2613782,56.0256266
"884","FHM 1734 Norsminde",10.2613782,56.0256266
"885","FHM 1734 Norsminde",10.2613782,56.0256266
"886","FHM 1734 Norsminde",10.2613782,56.0256266
"887","FHM 1734 Norsminde",10.2613782,56.0256266
"888","FHM 1734 Norsminde",10.2613782,56.0256266
"889","FHM 1734 Norsminde",10.2613782,56.0256266
"890","FHM 1734 Norsminde",10.2613782,56.0256266
"891","FHM 1734 Norsminde",10.2613782,56.0256266
"892","FHM 1734 Norsminde",10.2613782,56.0256266
"893","FHM 1734 Norsminde",10.2613782,56.0256266
"894","FHM 1734 Norsminde",10.2613782,56.0256266
"895","FHM 1734 Norsminde",10.2613782,56.0256266
"896","FHM 1734 Norsminde",10.2613782,56.0256266
"897","FHM 1734 Norsminde",10.2613782,56.0256266
"898","FHM 1734 Norsminde",10.2613782,56.0256266
"899","FHM 1734 Norsminde",10.2613782,56.0256266
"900","FHM 1734 Norsminde",10.2613782,56.0256266
"901","FHM 1734 Norsminde",10.2613782,56.0256266
"902","FHM 1734 Norsminde",10.2613782,56.0256266
"903","FHM 1734 Norsminde",10.2613782,56.0256266
"904","FHM 1734 Norsminde",10.2613782,56.0256266
"905","FHM 1734 Norsminde",10.2613782,56.0256266
"906","FHM 1734 Norsminde",10.2613782,56.0256266
"907","FHM 1734 Norsminde",10.2613782,56.0256266
"908","FHM 1734 Norsminde",10.2613782,56.0256266
"909","FHM 1734 Norsminde",10.2613782,56.0256266
"910","FHM 1734 Norsminde",10.2613782,56.0256266
"911","FHM 1734 Norsminde",10.2613782,56.0256266
"912","FHM 1734 Norsminde",10.2613782,56.0256266
"913","FHM 1734 Norsminde",10.2613782,56.0256266
"914","FHM 1734 Norsminde",10.2613782,56.0256266
"915","FHM 1734 Norsminde",10.2613782,56.0256266
"916","FHM 1734 Norsminde",10.2613782,56.0256266
"917","FHM 1734 Norsminde",10.2613782,56.0256266
"918","FHM 1734 Norsminde",10.2613782,56.0256266
"919","FHM 1734 Norsminde",10.2613782,56.0256266
"920","FHM 1734 Norsminde",10.2613782,56.0256266
"921","FHM 1734 Norsminde",10.2613782,56.0256266
"922","FHM 1734 Norsminde",10.2613782,56.0256266
"923","FHM 1734 Norsminde",10.2613782,56.0256266
"924","FHM 1734 Norsminde",10.2613782,56.0256266
"925","FHM 1734 Norsminde",10.2613782,56.0256266
"926","FHM 1734 Norsminde",10.2613782,56.0256266
"927","FHM 1734 Norsminde",10.2613782,56.0256266
"928","FHM 1734 Norsminde",10.2613782,56.0256266
"929","FHM 1734 Norsminde",10.2613782,56.0256266
"930","FHM 1734 Norsminde",10.2613782,56.0256266
"931","FHM 1734 Norsminde",10.2613782,56.0256266
"932","FHM 1734 Norsminde",10.2613782,56.0256266
"933","FHM 1734 Norsminde",10.2613782,56.0256266
"934","FHM 1734 Norsminde",10.2613782,56.0256266
"935","FHM 1734 Norsminde",10.2613782,56.0256266
"936","FHM 1734 Norsminde",10.2613782,56.0256266
"937","FHM 1734 Norsminde",10.2613782,56.0256266
"938","FHM 1734 Norsminde",10.2613782,56.0256266
"939","FHM 1734 Norsminde",10.2613782,56.0256266
"940","FHM 1734 Norsminde",10.2613782,56.0256266
"941","FHM 1734 Norsminde",10.2613782,56.0256266
"942","FHM 1734 Norsminde",10.2613782,56.0256266
"943","FHM 1734 Norsminde",10.2613782,56.0256266
"944","FHM 1734 Norsminde",10.2613782,56.0256266
"945","FHM 1734 Norsminde",10.2613782,56.0256266
"946","FHM 1734 Norsminde",10.2613782,56.0256266
"947","FHM 1734 Norsminde",10.2613782,56.0256266
"948","FHM 1734 Norsminde",10.2613782,56.0256266
"949","FHM 1734 Norsminde",10.2613782,56.0256266
"950","FHM 1734 Norsminde",10.2613782,56.0256266
"951","FHM 1734 Norsminde",10.2613782,56.0256266
"952","FHM 1734 Norsminde",10.2613782,56.0256266
"953","FHM 1734 Norsminde",10.2613782,56.0256266
"954","FHM 1734 Norsminde",10.2613782,56.0256266
"955","FHM 1734 Norsminde",10.2613782,56.0256266
"956","FHM 1734 Norsminde",10.2613782,56.0256266
"957","FHM 1734 Norsminde",10.2613782,56.0256266
"958","FHM 1734 Norsminde",10.2613782,56.0256266
"959","FHM 1734 Norsminde",10.2613782,56.0256266
"960","FHM 1734 Norsminde",10.2613782,56.0256266
"961","FHM 1734 Norsminde",10.2613782,56.0256266
"962","FHM 1734 Norsminde",10.2613782,56.0256266
"963","FHM 1734 Norsminde",10.2613782,56.0256266
"964","FHM 1734 Norsminde",10.2613782,56.0256266
"965","FHM 1734 Norsminde",10.2613782,56.0256266
"966","FHM 1734 Norsminde",10.2613782,56.0256266
"967","FHM 1734 Norsminde",10.2613782,56.0256266
"968","FHM 1734 Norsminde",10.2613782,56.0256266
"969","FHM 1734 Norsminde",10.2613782,56.0256266
"970","FHM 1734 Norsminde",10.2613782,56.0256266
"971","FHM 2033 Tybrind Vig",9.8113108,55.3931632
"972","FHM 2033 Tybrind Vig",9.8113108,55.3931632
"973","FHM 2033 Tybrind Vig",9.8113108,55.3931632
"974","FHM 2033 Tybrind Vig",9.8113108,55.3931632
"975","FHM 2033 Tybrind Vig",9.8113108,55.3931632
"976","FHM 2033 Tybrind Vig",9.8113108,55.3931632
"977","FHM 2033 Tybrind Vig",9.8113108,55.3931632
"978","FHM 2033 Tybrind Vig",9.8113108,55.3931632
"979","FHM 2033 Tybrind Vig",9.8113108,55.3931632
"980","FHM 2033 Tybrind Vig",9.8113108,55.3931632
"981","FHM 2033 Tybrind Vig",9.8113108,55.3931632
"982","FHM 2033 Tybrind Vig",9.8113108,55.3931632
"983","FHM 2033 Tybrind Vig",9.8113108,55.3931632
"984","FHM 2033 Tybrind Vig",9.8113108,55.3931632
"985","FHM 2033 Tybrind Vig",9.8113108,55.3931632
"986","FHM 2033 Tybrind Vig",9.8113108,55.3931632
"987","FHM 2033 Tybrind Vig",9.8113108,55.3931632
"988","FHM 2033 Tybrind Vig",9.8113108,55.3931632
"989","FHM 2033 Tybrind Vig",9.8113108,55.3931632
"990","FHM 3933 Visborg",10.1489138,56.7371335
"991","FHM 3933 Visborg",10.1489138,56.7371335
"992","FHM 3933 Visborg",10.1489138,56.7371335
"993","FHM 3933 Visborg",10.1489138,56.7371335
"994","FHM 3933 Visborg",10.1489138,56.7371335
"995","FHM 3933 Visborg",10.1489138,56.7371335
"996","FHM 3933 Visborg",10.1489138,56.7371335
"997","FHM 3933 Visborg",10.1489138,56.7371335
"998","FHM 3933 Visborg",10.1489138,56.7371335
"999","FHM 3933 Visborg",10.1489138,56.7371335
"1000","FHM 3933 Visborg",10.1489138,56.7371335
"1001","FHM 3933 Visborg",10.1489138,56.7371335
"1002","FHM 3933 Visborg",10.1489138,56.7371335
"1003","FHM 3933 Visborg",10.1489138,56.7371335
"1004","FHM 3933 Visborg",10.1489138,56.7371335
"1005","FHM 3933 Visborg",10.1489138,56.7371335
"1006","FHM 3933 Visborg",10.1489138,56.7371335
"1007","FHM 3933 Visborg",10.1489138,56.7371335
"1008","FHM 3933 Visborg",10.1489138,56.7371335
"1009","FHM 3933 Visborg",10.1489138,56.7371335
"1010","FHM 3933 Visborg",10.1489138,56.7371335
"1011","FHM 3933 Visborg",10.1489138,56.7371335
"1012","FHM 3933 Visborg",10.1489138,56.7371335
"1013","FHM 3933 Visborg",10.1489138,56.7371335
"1014","FHM 3933 Visborg",10.1489138,56.7371335
"1015","FHM 3933 Visborg",10.1489138,56.7371335
"1016","FHM 3933 Visborg",10.1489138,56.7371335
"1017","FHM 3933 Visborg",10.1489138,56.7371335
"1018","FHM 3933 Visborg",10.1489138,56.7371335
"1019","FHM 3933 Visborg",10.1489138,56.7371335
"1020","FHM 3933 Visborg",10.1489138,56.7371335
"1021","FHM 3933 Visborg",10.1489138,56.7371335
"1022","FHM 3933 Visborg",10.1489138,56.7371335
"1023","FHM 3933 Visborg",10.1489138,56.7371335
"1024","FHM 3933 Visborg",10.1489138,56.7371335
"1025","FHM 3933 Visborg",10.1489138,56.7371335
"1026","FHM 3933 Visborg",10.1489138,56.7371335
"1027","FHM 3933 Visborg",10.1489138,56.7371335
"1028","FHM 3933 Visborg",10.1489138,56.7371335
"1029","FHM 3933 Visborg",10.1489138,56.7371335
"1030","FHM 3933 Visborg",10.1489138,56.7371335
"1031","FHM 3933 Visborg",10.1489138,56.7371335
"1032","FHM 3933 Visborg",10.1489138,56.7371335
"1033","FHM 3933 Visborg",10.1489138,56.7371335
"1034","FHM 3933 Visborg",10.1489138,56.7371335
"1035","FHM 3933 Visborg",10.1489138,56.7371335
"1036","FHM 3933 Visborg",10.1489138,56.7371335
"1037","FHM 3933 Visborg",10.1489138,56.7371335
"1038","FHM 3933 Visborg",10.1489138,56.7371335
"1039","FHM 3933 Visborg",10.1489138,56.7371335
"1040","FHM 3933 Visborg",10.1489138,56.7371335
"1041","FHM 3933 Visborg",10.1489138,56.7371335
"1042","FHM 3933 Visborg",10.1489138,56.7371335
"1043","FHM 3933 Visborg",10.1489138,56.7371335
"1044","FHM 3933 Visborg",10.1489138,56.7371335
"1045","FHM 3933 Visborg",10.1489138,56.7371335
"1046","FHM 3933 Visborg",10.1489138,56.7371335
"1047","FHM 3933 Visborg",10.1489138,56.7371335
"1048","FHM 3933 Visborg",10.1489138,56.7371335
"1049","FHM 3933 Visborg",10.1489138,56.7371335
"1050","FHM 3933 Visborg",10.1489138,56.7371335
"1051","FHM 3933 Visborg",10.1489138,56.7371335
"1052","FHM 3933 Visborg",10.1489138,56.7371335
"1053","FHM 3933 Visborg",10.1489138,56.7371335
"1054","FHM 3933 Visborg",10.1489138,56.7371335
"1055","FHM 3933 Visborg",10.1489138,56.7371335
"1056","FHM 3933 Visborg",10.1489138,56.7371335
"1057","FHM 3933 Visborg",10.1489138,56.7371335
"1058","FHM 3933 Visborg",10.1489138,56.7371335
"1059","FHM 3933 Visborg",10.1489138,56.7371335
"1060","FHM 3933 Visborg",10.1489138,56.7371335
"1061","FHM 3933 Visborg",10.1489138,56.7371335
"1062","FHM 3933 Visborg",10.1489138,56.7371335
"1063","FHM 3933 Visborg",10.1489138,56.7371335
"1064","FHM 3933 Visborg",10.1489138,56.7371335
"1065","FHM 3933 Visborg",10.1489138,56.7371335
"1066","FHM 3933 Visborg",10.1489138,56.7371335
"1067","FHM 3933 Visborg",10.1489138,56.7371335
"1068","FHM 3933 Visborg",10.1489138,56.7371335
"1069","FHM 3933 Visborg",10.1489138,56.7371335
"1070","FHM 3933 Visborg",10.1489138,56.7371335
"1071","FHM 3933 Visborg",10.1489138,56.7371335
"1072","FHM 3933 Visborg",10.1489138,56.7371335
"1073","FHM 3933 Visborg",10.1489138,56.7371335
"1074","FHM 3933 Visborg",10.1489138,56.7371335
"1075","FHM 3933 Visborg",10.1489138,56.7371335
"1076","FHM 3933 Visborg",10.1489138,56.7371335
"1077","FHM 3933 Visborg",10.1489138,56.7371335
"1078","FHM 3933 Visborg",10.1489138,56.7371335
"1079","FHM 3933 Visborg",10.1489138,56.7371335
"1080","FHM 3933 Visborg",10.1489138,56.7371335
"1081","FHM 3933 Visborg",10.1489138,56.7371335
"1082","FHM 3933 Visborg",10.1489138,56.7371335
"1083","FHM 3933 Visborg",10.1489138,56.7371335
"1084","FHM 3933 Visborg",10.1489138,56.7371335
"1085","FHM 3933 Visborg",10.1489138,56.7371335
"1086","FHM 3933 Visborg",10.1489138,56.7371335
"1087","FHM 3933 Visborg",10.1489138,56.7371335
"1088","FHM 3933 Visborg",10.1489138,56.7371335
"1089","FHM 3933 Visborg",10.1489138,56.7371335
"1090","FHM 3933 Visborg",10.1489138,56.7371335
"1091","FHM 3933 Visborg",10.1489138,56.7371335
"1092","FHM 3933 Visborg",10.1489138,56.7371335
"1093","FHM 3933 Visborg",10.1489138,56.7371335
"1094","FHM 3933 Visborg",10.1489138,56.7371335
"1095","FHM 3933 Visborg",10.1489138,56.7371335
"1096","FHM 3933 Visborg",10.1489138,56.7371335
"1097","FHM 3933 Visborg",10.1489138,56.7371335
"1098","FHM 3933 Visborg",10.1489138,56.7371335
"1099","FHM 3933 Visborg",10.1489138,56.7371335
"1100","FHM 3933 Visborg",10.1489138,56.7371335
"1101","FHM 3933 Visborg",10.1489138,56.7371335
"1102","FHM 3933 Visborg",10.1489138,56.7371335
"1103","FHM 3933 Visborg",10.1489138,56.7371335
"1104","FHM 3933 Visborg",10.1489138,56.7371335
"1105","FHM 3933 Visborg",10.1489138,56.7371335
"1106","FHM 3933 Visborg",10.1489138,56.7371335
"1107","FHM 3933 Visborg",10.1489138,56.7371335
"1108","FHM 3933 Visborg",10.1489138,56.7371335
"1109","FHM 3933 Visborg",10.1489138,56.7371335
"1110","FHM 3933 Visborg",10.1489138,56.7371335
"1111","FHM 3933 Visborg",10.1489138,56.7371335
"1112","FHM 3933 Visborg",10.1489138,56.7371335
"1113","FHM 3933 Visborg",10.1489138,56.7371335
"1114","FHM 3933 Visborg",10.1489138,56.7371335
"1115","FHM 3933 Visborg",10.1489138,56.7371335
"1116","FHM 3933 Visborg",10.1489138,56.7371335
"1117","FHM 3933 Visborg",10.1489138,56.7371335
"1118","FHM 3933 Visborg",10.1489138,56.7371335
"1119","FHM 3933 Visborg",10.1489138,56.7371335
"1120","FHM 3933 Visborg",10.1489138,56.7371335
"1121","FHM 3933 Visborg",10.1489138,56.7371335
"1122","FHM 3933 Visborg",10.1489138,56.7371335
"1123","FHM 3933 Visborg",10.1489138,56.7371335
"1124","FHM 3933 Visborg",10.1489138,56.7371335
"1125","FHM 3933 Visborg",10.1489138,56.7371335
"1126","FHM 3933 Visborg",10.1489138,56.7371335
"1127","FHM 3933 Visborg",10.1489138,56.7371335
"1128","FHM 3933 Visborg",10.1489138,56.7371335
"1129","FHM 3933 Visborg",10.1489138,56.7371335
"1130","FHM 3933 Visborg",10.1489138,56.7371335
"1131","FHM 3933 Visborg",10.1489138,56.7371335
"1132","FHM 3933 Visborg",10.1489138,56.7371335
"1133","FHM 3933 Visborg",10.1489138,56.7371335
"1134","FHM 3933 Visborg",10.1489138,56.7371335
"1135","FHM 3933 Visborg",10.1489138,56.7371335
"1136","FHM 3933 Visborg",10.1489138,56.7371335
"1137","FHM 3933 Visborg",10.1489138,56.7371335
"1138","FHM 3933 Visborg",10.1489138,56.7371335
"1139","FHM 3933 Visborg",10.1489138,56.7371335
"1140","FHM 3933 Visborg",10.1489138,56.7371335
"1141","FHM 3933 Visborg",10.1489138,56.7371335
"1142","FHM 3933 Visborg",10.1489138,56.7371335
"1143","FHM 3933 Visborg",10.1489138,56.7371335
"1144","FHM 3933 Visborg",10.1489138,56.7371335
"1145","FHM 3933 Visborg",10.1489138,56.7371335
"1146","FHM 3933 Visborg",10.1489138,56.7371335
"1147","FHM 3933 Visborg",10.1489138,56.7371335
"1148","FHM 3933 Visborg",10.1489138,56.7371335
"1149","FHM 3933 Visborg",10.1489138,56.7371335
"1150","FHM 3933 Visborg",10.1489138,56.7371335
"1151","FHM 3933 Visborg",10.1489138,56.7371335
"1152","FHM 3933 Visborg",10.1489138,56.7371335
"1153","FHM 3933 Visborg",10.1489138,56.7371335
"1154","FHM 3933 Visborg",10.1489138,56.7371335
"1155","FHM 3933 Visborg",10.1489138,56.7371335
"1156","FHM 3933 Visborg",10.1489138,56.7371335
"1157","FHM 3933 Visborg",10.1489138,56.7371335
"1158","FHM 3933 Visborg",10.1489138,56.7371335
"1159","FHM 3933 Visborg",10.1489138,56.7371335
"1160","FHM 3933 Visborg",10.1489138,56.7371335
"1161","FHM 3933 Visborg",10.1489138,56.7371335
"1162","FHM 3933 Visborg",10.1489138,56.7371335
"1163","FHM 3933 Visborg",10.1489138,56.7371335
"1164","FHM 3933 Visborg",10.1489138,56.7371335
"1165","FHM 3933 Visborg",10.1489138,56.7371335
"1166","FHM 3933 Visborg",10.1489138,56.7371335
"1167","FHM 3933 Visborg",10.1489138,56.7371335
"1168","FHM 3933 Visborg",10.1489138,56.7371335
"1169","FHM 3933 Visborg",10.1489138,56.7371335
"1170","FHM 3933 Visborg",10.1489138,56.7371335
"1171","FHM 3933 Visborg",10.1489138,56.7371335
"1172","FHM 3933 Visborg",10.1489138,56.7371335
"1173","FHM 3933 Visborg",10.1489138,56.7371335
"1174","FHM 3933 Visborg",10.1489138,56.7371335
"1175","FHM 3933 Visborg",10.1489138,56.7371335
"1176","FHM 3933 Visborg",10.1489138,56.7371335
"1177","FHM 3933 Visborg",10.1489138,56.7371335
"1178","FHM 3933 Visborg",10.1489138,56.7371335
"1179","FHM 3933 Visborg",10.1489138,56.7371335
"1180","FHM 3933 Visborg",10.1489138,56.7371335
"1181","FHM 3933 Visborg",10.1489138,56.7371335
"1182","FHM 3933 Visborg",10.1489138,56.7371335
"1183","FHM 3933 Visborg",10.1489138,56.7371335
"1184","FHM 3933 Visborg",10.1489138,56.7371335
"1185","FHM 3933 Visborg",10.1489138,56.7371335
"1186","FHM 3933 Visborg",10.1489138,56.7371335
"1187","FHM 3933 Visborg",10.1489138,56.7371335
"1188","FHM 3933 Visborg",10.1489138,56.7371335
"1189","FHM 3933 Visborg",10.1489138,56.7371335
"1190","FHM 3933 Visborg",10.1489138,56.7371335
"1191","FHM 3933 Visborg",10.1489138,56.7371335
"1192","FHM 3933 Visborg",10.1489138,56.7371335
"1193","FHM 3933 Visborg",10.1489138,56.7371335
"1194","FHM 3933 Visborg",10.1489138,56.7371335
"1195","FHM 3933 Visborg",10.1489138,56.7371335
"1196","FHM 3933 Visborg",10.1489138,56.7371335
"1197","FHM 3933 Visborg",10.1489138,56.7371335
"1198","FHM 3933 Visborg",10.1489138,56.7371335
"1199","FHM 3933 Visborg",10.1489138,56.7371335
"1200","FHM 3933 Visborg",10.1489138,56.7371335
"1201","FHM 3933 Visborg",10.1489138,56.7371335
"1202","FHM 3933 Visborg",10.1489138,56.7371335
"1203","FHM 3933 Visborg",10.1489138,56.7371335
"1204","FHM 3933 Visborg",10.1489138,56.7371335
"1205","FHM 3933 Visborg",10.1489138,56.7371335
"1206","FHM 3933 Visborg",10.1489138,56.7371335
"1207","FHM 3933 Visborg",10.1489138,56.7371335
"1208","FHM 3933 Visborg",10.1489138,56.7371335
"1209","FHM 3933 Visborg",10.1489138,56.7371335
"1210","FHM 3933 Visborg",10.1489138,56.7371335
"1211","FHM 3933 Visborg",10.1489138,56.7371335
"1212","FHM 3933 Visborg",10.1489138,56.7371335
"1213","FHM 3933 Visborg",10.1489138,56.7371335
"1214","FHM 3933 Visborg",10.1489138,56.7371335
"1215","FHM 3933 Visborg",10.1489138,56.7371335
"1216","FHM 3933 Visborg",10.1489138,56.7371335
"1217","FHM 3933 Visborg",10.1489138,56.7371335
"1218","FHM 3933 Visborg",10.1489138,56.7371335
"1219","FHM 3933 Visborg",10.1489138,56.7371335
"1220","FHM 3933 Visborg",10.1489138,56.7371335
"1221","FHM 3933 Visborg",10.1489138,56.7371335
"1222","FHM 3933 Visborg",10.1489138,56.7371335
"1223","FHM 3933 Visborg",10.1489138,56.7371335
"1224","FHM 3933 Visborg",10.1489138,56.7371335
"1225","FHM 3933 Visborg",10.1489138,56.7371335
"1226","FHM 3933 Visborg",10.1489138,56.7371335
"1227","FHM 3933 Visborg",10.1489138,56.7371335
"1228","FHM 3933 Visborg",10.1489138,56.7371335
"1229","FHM 3933 Visborg",10.1489138,56.7371335
"1230","FHM 3933 Visborg",10.1489138,56.7371335
"1231","FHM 3933 Visborg",10.1489138,56.7371335
"1232","FHM 3933 Visborg",10.1489138,56.7371335
"1233","FHM 3933 Visborg",10.1489138,56.7371335
"1234","FHM 3933 Visborg",10.1489138,56.7371335
"1235","FHM 3933 Visborg",10.1489138,56.7371335
"1236","FHM 3933 Visborg",10.1489138,56.7371335
"1237","FHM 3933 Visborg",10.1489138,56.7371335
"1238","FHM 3933 Visborg",10.1489138,56.7371335
"1239","FHM 3933 Visborg",10.1489138,56.7371335
"1240","FHM 3933 Visborg",10.1489138,56.7371335
"1241","FHM 3933 Visborg",10.1489138,56.7371335
"1242","FHM 3933 Visborg",10.1489138,56.7371335
"1243","FHM 3933 Visborg",10.1489138,56.7371335
"1244","FHM 3933 Visborg",10.1489138,56.7371335
"1245","FHM 3933 Visborg",10.1489138,56.7371335
"1246","FHM 3933 Visborg",10.1489138,56.7371335
"1247","FHM 3933 Visborg",10.1489138,56.7371335
"1248","FHM 3933 Visborg",10.1489138,56.7371335
"1249","FHM 3933 Visborg",10.1489138,56.7371335
"1250","FHM 3933 Visborg",10.1489138,56.7371335
"1251","FHM 3933 Visborg",10.1489138,56.7371335
"1252","FHM 3933 Visborg",10.1489138,56.7371335
"1253","FHM 3933 Visborg",10.1489138,56.7371335
"1254","FHM 3933 Visborg",10.1489138,56.7371335
"1255","FHM 3933 Visborg",10.1489138,56.7371335
"1256","FHM 3933 Visborg",10.1489138,56.7371335
"1257","FHM 3933 Visborg",10.1489138,56.7371335
"1258","FHM 3933 Visborg",10.1489138,56.7371335
"1259","FHM 3933 Visborg",10.1489138,56.7371335
"1260","FHM 3933 Visborg",10.1489138,56.7371335
"1261","FHM 3933 Visborg",10.1489138,56.7371335
"1262","FHM 3933 Visborg",10.1489138,56.7371335
"1263","FHM 3933 Visborg",10.1489138,56.7371335
"1264","FHM 3933 Visborg",10.1489138,56.7371335
"1265","FHM 3933 Visborg",10.1489138,56.7371335
"1266","FHM 3933 Visborg",10.1489138,56.7371335
"1267","FHM 3933 Visborg",10.1489138,56.7371335
"1268","FHM 3933 Visborg",10.1489138,56.7371335
"1269","FHM 3933 Visborg",10.1489138,56.7371335
"1270","FHM 3933 Visborg",10.1489138,56.7371335
"1271","FHM 3933 Visborg",10.1489138,56.7371335
"1272","FHM 3933 Visborg",10.1489138,56.7371335
"1273","FHM 3933 Visborg",10.1489138,56.7371335
"1274","FHM 3933 Visborg",10.1489138,56.7371335
"1275","FHM 3933 Visborg",10.1489138,56.7371335
"1276","FHM 3933 Visborg",10.1489138,56.7371335
"1277","FHM 3933 Visborg",10.1489138,56.7371335
"1278","FHM 3933 Visborg",10.1489138,56.7371335
"1279","FHM 3933 Visborg",10.1489138,56.7371335
"1280","FHM 3933 Visborg",10.1489138,56.7371335
"1281","FHM 3933 Visborg",10.1489138,56.7371335
"1282","FHM 4428 Vængesø III",10.5426884,56.1477817
"1283","FHM 4428 Vængesø III",10.5426884,56.1477817
"1284","FHM 4428 Vængesø III",10.5426884,56.1477817
"1285","FHM 4428 Vængesø III",10.5426884,56.1477817
"1286","FHM 4428 Vængesø III",10.5426884,56.1477817
"1287","FHM 4428 Vængesø III",10.5426884,56.1477817
"1288","FHM 4428 Vængesø III",10.5426884,56.1477817
"1289","FHM 4428 Vængesø III",10.5426884,56.1477817
"1290","FHM 4428 Vængesø III",10.5426884,56.1477817
"1291","FHM 4428 Vængesø III",10.5426884,56.1477817
"1292","FHM 4428 Vængesø III",10.5426884,56.1477817
"1293","FHM 4428 Vængesø III",10.5426884,56.1477817
"1294","FHM 4428 Vængesø III",10.5426884,56.1477817
"1295","FHM 4428 Vængesø III",10.5426884,56.1477817
"1296","FHM 4428 Vængesø III",10.5426884,56.1477817
"1297","FHM 4428 Vængesø III",10.5426884,56.1477817
"1298","FHM 4428 Vængesø III",10.5426884,56.1477817
"1299","FHM 4428 Vængesø III",10.5426884,56.1477817
"1300","FHM 4428 Vængesø III",10.5426884,56.1477817
"1301","FHM 4428 Vængesø III",10.5426884,56.1477817
"1302","FHM 4428 Vængesø III",10.5426884,56.1477817
"1303","FHM 2168 Ertebølle",9.1845656,56.8142288
"1304","FHM 2168 Ertebølle",9.1845656,56.8142288
"1305","FHM 2168 Ertebølle",9.1845656,56.8142288
"1306","FHM 2168 Ertebølle",9.1845656,56.8142288
"1307","FHM 2168 Ertebølle",9.1845656,56.8142288
"1308","FHM 2168 Ertebølle",9.1845656,56.8142288
"1309","FHM 2168 Ertebølle",9.1845656,56.8142288
"1310","FHM 2168 Ertebølle",9.1845656,56.8142288
"1311","FHM 2168 Ertebølle",9.1845656,56.8142288
"1312","FHM 2168 Ertebølle",9.1845656,56.8142288
"1313","FHM 2168 Ertebølle",9.1845656,56.8142288
"1314","FHM 2168 Ertebølle",9.1845656,56.8142288
"1315","FHM 2168 Ertebølle",9.1845656,56.8142288
"1316","FHM 2168 Ertebølle",9.1845656,56.8142288
"1317","FHM 2168 Ertebølle",9.1845656,56.8142288
"1318","FHM 2168 Ertebølle",9.1845656,56.8142288
"1319","FHM 2168 Ertebølle",9.1845656,56.8142288
"1320","FHM 2168 Ertebølle",9.1845656,56.8142288
"1321","FHM 2168 Ertebølle",9.1845656,56.8142288
"1322","FHM 2168 Ertebølle",9.1845656,56.8142288
"1323","FHM 2168 Ertebølle",9.1845656,56.8142288
"1324","FHM 2168 Ertebølle",9.1845656,56.8142288
"1325","FHM 2168 Ertebølle",9.1845656,56.8142288
"1326","FHM 2168 Ertebølle",9.1845656,56.8142288
"1327","FHM 2168 Ertebølle",9.1845656,56.8142288
"1328","FHM 2168 Ertebølle",9.1845656,56.8142288
"1329","FHM 2168 Ertebølle",9.1845656,56.8142288
"1330","MFG 158/99 Eskilø",12.08,55.73
"1331","FHM 5184/5948 Hjarnø",10.09,55.83
"1332","FHM 3954/4339 Dyngby",10.24205,55.95475
"1333","FHM 6218 Vestre Strandalle",10.22,56.19
